fan_id,first_name,last_name,phone
1,'Katherine','Larsen','+1751866616'
2,'Amanda','Hamilton','+1943605672'
3,'Charles','Gilbert','+1871934937'
4,'Virginia','Larsen','+1262665877'
5,'Ashley','Wright','+1997245905'
6,'Laura','Moses','+1514876820'
7,'Steven','Smith','+1538773726'
8,'Eric','Wilson','+1499080382'
9,'Stephen','Hoffman','+1737330056'
10,'Benjamin','Graham','+1462024641'
11,'Karen','Frey','+1160180839'
12,'Anthony','Martin','+1477554728'
13,'Daniel','Rosales','+1574183462'
14,'Andrew','Smith','+1149977396'
15,'Catherine','Thomas','+1526103995'
16,'Brian','Baker','+1800570901'
17,'Robert','Carey','+1881735726'
18,'Ricardo','Sanchez','+1700571059'
19,'Briana','Buck','+1860335188'
20,'Pamela','Smith','+1947450738'
21,'Tony','Simon','+1706644425'
22,'Anthony','Mendez','+1622253554'
23,'Wesley','Pope','+1129587116'
24,'Darrell','Johnson','+1046095478'
25,'Crystal','Fox','+1632142642'
26,'Cassandra','Ross','+1626099723'
27,'Stephanie','Salazar','+1525885247'
28,'Janet','Perez','+1076843892'
29,'Kendra','Jensen','+1036843698'
30,'Alexandria','Sweeney','+1136444302'
31,'Thomas','Salinas','+1743220594'
32,'Kevin','Boyer','+1570747345'
33,'Jennifer','Tyler','+1688511093'
34,'Heather','Salas','+1176230239'
35,'Elizabeth','Arnold','+1502871157'
36,'Jenna','Rhodes','+1919504619'
37,'Shirley','Morgan','+1903621865'
38,'Chelsea','Kelley','+1700975411'
39,'Sara','Cooper','+1754745041'
40,'Jessica','Jordan','+1280289562'
41,'Kimberly','Thomas','+1334057521'
42,'Heather','Hamilton','+1310205496'
43,'Amanda','Jackson','+1152864430'
44,'Sydney','Clark','+1310535256'
45,'Michael','Herring','+1684243145'
46,'Veronica','Castaneda','+1266094512'
47,'Emily','Charles','+1567247329'
48,'Brenda','Ruiz','+1290686791'
49,'Nicholas','Salinas','+1199177311'
50,'Joseph','Harris','+1385269586'
51,'Crystal','Walker','+1480161667'
52,'Jacqueline','Moore','+1500746471'
53,'Mitchell','Jacobs','+1777749628'
54,'Brent','Robinson','+1095815407'
55,'Patrick','Hunter','+1769765875'
56,'Chelsea','Owens','+1654104561'
57,'Timothy','Mccoy','+1007631591'
58,'James','Thompson','+1968385048'
59,'Janice','Paul','+1579259251'
60,'Steven','Davis','+1609450453'
61,'Ryan','Anderson','+1860059306'
62,'Michael','Watkins','+1040042179'
63,'Maria','Hernandez','+1486765006'
64,'Michelle','Walker','+1672064372'
65,'Jean','Spencer','+1343892623'
66,'Susan','Carter','+1927465817'
67,'Rachel','Johnston','+1971378002'
68,'Joseph','Simon','+1021822356'
69,'Jessica','Nelson','+1822094143'
70,'Walter','Smith','+1599017568'
71,'Kimberly','Freeman','+1129720019'
72,'George','Mays','+1297995527'
73,'Kenneth','Huff','+1769480952'
74,'Caitlin','Dunn','+1196674819'
75,'Kimberly','Brown','+1304144209'
76,'Thomas','Baker','+1449265279'
77,'Nicole','Wade','+1955874398'
78,'Christopher','Stevens','+1979328538'
79,'Charles','Morgan','+1058802277'
80,'Philip','Hoover','+1483980776'
81,'Christopher','Reyes','+1413534665'
82,'Christopher','Duncan','+1626436754'
83,'Jennifer','Jones','+1079451099'
84,'Randy','Klein','+1413792436'
85,'Ashley','Lowe','+1963371930'
86,'Paul','Pena','+1537796019'
87,'Deborah','Nguyen','+1345755131'
88,'Jonathan','Fritz','+1703335050'
89,'Evan','Castro','+1852754829'
90,'William','Lopez','+1226443890'
91,'Stephanie','Anderson','+1538500377'
92,'Kayla','Davis','+1023445358'
93,'Brooke','Jordan','+1784032327'
94,'Darlene','Ross','+1893818432'
95,'Lisa','Young','+1837101302'
96,'Christopher','Lee','+1610993565'
97,'Brandon','Mckenzie','+1706981072'
98,'Joel','Rice','+1798913295'
99,'Tammie','Miller','+1495063650'
100,'Margaret','Meza','+1120898351'
